"survey","object","distance","obs","mas","has","observed"
"July 92",1,40,"TJS",50,1,1
"July 92",2,60,"TJS",50,1,1
"July 92",3,45,"TJS",50,1,1
"July 92",4,100,"TJS",50,1,1
"July 92",5,125,"TJS",50,1,1
"July 92",6,120,"TJS",50,1,1
"July 92",7,140,"TJS",50,1,1
"July 92",8,80,"TJS",50,1,1
"July 92",9,65,"TJS",64,1,1
"July 92",10,90,"TJS",64,1,1
"July 92",11,120,"TJS",64,1,1
"July 92",12,85,"TJS",64,1,1
"July 92",13,150,"TJS",64,1,1
"July 92",14,180,"TJS",77,1,1
"July 92",15,220,"TJS",77,1,1
"July 92",16,105,"TJS",77,1,1
"July 92",17,90,"TJS",77,1,1
"July 92",18,90,"TJS",77,1,1
"July 92",19,65,"TJS",92,2,1
"July 92",20,35,"TJS",92,2,1
"July 92",21,60,"TJS",92,2,1
"July 92",22,60,"TJS",113,2,1
"July 92",23,115,"TJS",113,2,1
"July 92",24,85,"TJS",113,2,1
"July 92",25,30,"TJS",113,2,1
"July 92",26,80,"TJS",113,2,1
"July 92",27,85,"TJS",127,2,1
"July 92",28,60,"TJS",127,2,1
"July 92",29,30,"TJS",127,2,1
"July 92",30,80,"TJS",127,2,1
"July 92",31,80,"TJS",127,2,1
"July 92",32,65,"TJS",127,2,1
"July 92",33,250,"TJS",127,2,1
"July 92",34,110,"TJS",140,2,1
"July 92",35,80,"TJS",140,2,1
"July 92",36,90,"TJS",140,2,1
"July 92",37,45,"TJS",140,2,1
"July 92",38,85,"TJS",140,2,1
"July 92",39,85,"TJS",140,2,1
"July 92",40,85,"TJS",152,3,1
"July 92",41,95,"TJS",152,3,1
"July 92",42,75,"TJS",152,3,1
"July 92",43,75,"TJS",152,3,1
"July 92",44,60,"TJS",152,3,1
"July 92",45,53,"TJS",152,3,1
"July 92",46,180,"TJS",152,3,1
"July 92",47,110,"TJS",164,3,1
"July 92",48,65,"TJS",164,3,1
"July 92",49,95,"TJS",164,3,1
"July 92",50,75,"TJS",164,3,1
"July 92",51,80,"TJS",164,3,1
"July 92",52,45,"TJS",164,3,1
"July 92",53,55,"TJS",177,3,1
"July 92",54,45,"TJS",177,3,1
"July 92",55,125,"TJS",177,3,1
"July 92",56,35,"TJS",177,3,1
"July 92",57,80,"TJS",189,3,1
"July 92",58,105,"TJS",189,3,1
"July 92",59,75,"TJS",189,3,1
"July 92",60,90,"TJS",189,3,1
"July 92",61,65,"TJS",202,3,1
"July 92",62,55,"TJS",202,3,1
"July 92",63,40,"TJS",202,3,1
"July 92",64,60,"TJS",202,3,1
"July 92",65,80,"TJS",202,3,1
"July 92",66,18,"SGF",42,1,1
"July 92",67,40,"SGF",42,1,1
"July 92",68,70,"SGF",42,1,1
"July 92",69,15,"SGF",42,1,1
"July 92",70,10,"SGF",42,1,1
"July 92",71,32,"SGF",58,1,1
"July 92",72,33,"SGF",58,1,1
"July 92",73,25,"SGF",70,1,1
"July 92",74,50,"SGF",70,1,1
"July 92",75,40,"SGF",70,1,1
"July 92",76,70,"SGF",70,1,1
"July 92",151,14,"SGF",83,1,1
"July 92",152,15,"SGF",83,1,1
"July 92",153,40,"SGF",83,1,1
"July 92",154,30,"SGF",107,2,1
"July 92",155,10,"SGF",107,2,1
"July 92",156,40,"SGF",107,2,1
"July 92",157,30,"SGF",119,2,1
"July 92",158,35,"SGF",119,2,1
"July 92",159,40,"SGF",119,2,1
"July 92",160,80,"SGF",119,2,1
"July 92",161,4,"SGF",119,2,1
"July 92",77,50,"SGF",132,2,1
"July 92",78,15,"SGF",132,2,1
"July 92",79,25,"SGF",132,2,1
"July 92",80,35,"SGF",132,2,1
"July 92",81,55,"SGF",132,2,1
"July 92",82,15,"SGF",145,2,1
"July 92",83,25,"SGF",145,2,1
"July 92",84,40,"SGF",145,2,1
"July 92",85,35,"SGF",156,3,1
"July 92",86,40,"SGF",156,3,1
"July 92",87,12,"SGF",156,3,1
"July 92",162,22,"SGF",174,3,1
"July 92",163,25,"SGF",174,3,1
"July 92",164,20,"SGF",174,3,1
"July 92",165,70,"SGF",188,3,1
"July 92",166,60,"SGF",188,3,1
"July 92",167,60,"SGF",188,3,1
"July 92",168,50,"SGF",188,3,1
"July 92",88,30,"SGF",199,3,1
"July 92",89,35,"SGF",199,3,1
"July 92",169,30,"SGF",199,3,1
"July 92",170,25,"SGF",199,3,1
"July 92",171,9,"SGF",199,3,1
"July 92",90,50,"TKP",66,1,1
"July 92",91,100,"TKP",66,1,1
"July 92",92,70,"TKP",66,1,1
"July 92",93,40,"TKP",66,1,1
"July 92",94,17,"TKP",66,1,1
"July 92",95,40,"TKP",78,1,1
"July 92",96,50,"TKP",78,1,1
"July 92",97,20,"TKP",78,1,1
"July 92",98,100,"TKP",78,1,1
"July 92",99,150,"TKP",78,1,1
"July 92",100,40,"TKP",91,2,1
"July 92",101,50,"TKP",91,2,1
"July 92",102,70,"TKP",91,2,1
"July 92",103,15,"TKP",91,2,1
"July 92",172,17,"TKP",91,2,1
"July 92",173,8,"TKP",105,2,1
"July 92",174,10,"TKP",105,2,1
"July 92",175,70,"TKP",105,2,1
"July 92",176,20,"TKP",116,2,1
"July 92",177,11,"TKP",116,2,1
"July 92",178,50,"TKP",116,2,1
"July 92",104,50,"TKP",126,2,1
"July 92",105,60,"TKP",126,2,1
"July 92",106,20,"TKP",126,2,1
"July 92",107,40,"TKP",140,2,1
"July 92",108,50,"TKP",140,2,1
"July 92",109,20,"TKP",140,2,1
"July 92",110,70,"TKP",140,2,1
"July 92",111,25,"TKP",150,2,1
"July 92",112,30,"TKP",150,2,1
"July 92",113,50,"TKP",150,2,1
"July 92",179,25,"TKP",150,2,1
"July 92",180,70,"TKP",150,2,1
"July 92",181,130,"TKP",160,3,1
"July 92",182,40,"TKP",160,3,1
"July 92",183,60,"TKP",160,3,1
"July 92",184,40,"TKP",160,3,1
"July 92",114,10,"TKP",171,3,1
"July 92",115,27,"TKP",171,3,1
"July 92",116,27,"TKP",171,3,1
"July 92",117,3,"TKP",171,3,1
"July 92",185,25,"TKP",171,3,1
"July 92",186,20,"TKP",171,3,1
"July 92",118,12,"TKP",190,3,1
"July 92",119,13,"TKP",190,3,1
"July 92",120,25,"TKP",190,3,1
"July 92",121,60,"TKP",190,3,1
"July 92",122,90,"TKP",266,4,1
"July 92",123,10,"TKP",266,4,1
"July 92",124,25,"TKP",266,4,1
"July 92",125,90,"TKP",253,4,1
"July 92",187,60,"TKP",253,4,1
"July 92",188,70,"TKP",253,4,1
"July 92",189,35,"TKP",253,4,1
"July 92",190,25,"TKP",253,4,1
"July 92",191,15,"TKP",253,4,1
"July 92",192,40,"TKP",242,4,1
"July 92",193,50,"TKP",242,4,1
"July 92",194,5,"TKP",242,4,1
"July 92",195,30,"TKP",228,4,1
"July 92",196,40,"TKP",228,4,1
"July 92",197,30,"TKP",228,4,1
"July 92",198,35,"TKP",228,4,1
"July 92",126,25,"TKP",216,4,1
"July 92",127,100,"TKP",216,4,1
"July 92",128,25,"TKP",216,4,1
"July 92",129,15,"TKP",216,4,1
"July 92",130,100,"TKP",216,4,1
"July 92",131,30,"TKP",205,3,1
"July 92",132,35,"TKP",205,3,1
"July 92",133,40,"TKP",205,3,1
"July 92",134,70,"TKP",205,3,1
"July 92",135,30,"TKP",205,3,1
"Dec 92",199,35,"SGF",136,2,1
"Dec 92",200,50,"SGF",147,2,1
"Dec 92",136,30,"SGF",169,3,1
"Dec 92",201,30,"SGF",169,3,1
"Dec 92",202,15,"SGF",169,3,1
"Dec 92",137,75,"SGF",181,3,1
"Dec 92",138,70,"SGF",192,3,1
"Dec 92",139,75,"SGF",192,3,1
"Dec 92",203,70,"SGF",202,3,1
"Dec 92",204,80,"SGF",202,3,1
"Dec 92",205,80,"SGF",202,3,1
"Dec 92",206,65,"SGF",202,3,1
"Dec 92",207,50,"SGF",202,3,1
"Dec 92",208,35,"SGF",202,3,1
"Dec 92",209,28,"SGF",214,4,1
"Dec 92",210,27,"SGF",214,4,1
"Dec 92",211,100,"SGF",214,4,1
"Dec 92",140,22,"SGF",223,4,1
"Dec 92",141,28,"SGF",223,4,1
"Dec 92",142,80,"SGF",223,4,1
"Dec 92",143,85,"SGF",223,4,1
"Dec 92",144,90,"SGF",223,4,1
"Dec 92",145,30,"SGF",234,4,1
"Dec 92",146,30,"SGF",234,4,1
"Dec 92",147,4,"SGF",234,4,1
"Dec 92",148,12,"SGF",234,4,1
"Dec 92",149,9,"SGF",234,4,1
"Dec 92",150,30,"SGF",234,4,1
"Dec 92",212,28,"SGF",122,2,1
"Dec 92",213,30,"SGF",122,2,1
"Dec 92",214,50,"SGF",122,2,1
"Dec 92",215,90,"SGF",111,2,1
"Dec 92",216,85,"SGF",111,2,1
"Dec 92",217,50,"SGF",111,2,1
"Dec 92",218,35,"SGF",111,2,1
"Dec 92",219,32,"SGF",111,2,1
"Dec 92",220,30,"SGF",111,2,1
"Dec 92",221,110,"SGF",98,2,1
"Dec 92",222,75,"SGF",98,2,1
"Dec 92",223,95,"SGF",98,2,1
"Dec 92",224,85,"SGF",98,2,1
"Dec 92",225,50,"SGF",87,1,1
"Dec 92",226,45,"SGF",87,1,1
"Dec 92",284,77,"SGF",71,1,1
"Dec 92",285,75,"SGF",71,1,1
"Dec 92",286,65,"SGF",71,1,1
"Dec 92",287,18,"SGF",58,1,1
"Dec 92",288,75,"SGF",58,1,1
"Dec 92",289,65,"SGF",58,1,1
"Dec 92",227,55,"SGF",44,1,1
"Dec 92",228,45,"SGF",44,1,1
"Dec 92",229,35,"SGF",44,1,1
"Dec 92",230,55,"SGF",33,1,1
"Dec 92",231,90,"SGF",33,1,1
"Dec 92",290,65,"SGF",23,0,1
"Dec 92",291,22,"SGF",23,0,1
"Dec 92",292,70,"SGF",13,0,1
"Dec 92",293,110,"SGF",13,0,1
"Dec 92",294,85,"SGF",13,0,1
"Dec 92",232,80,"SGF",2,0,1
"Dec 92",295,85,"SGF",2,0,1
"Dec 92",296,90,"SGF",2,0,1
"Dec 92",297,35,"SGF",2,0,1
"Dec 92",233,60,"SGF",-11,0,1
"Dec 92",234,65,"SGF",-11,0,1
"Dec 92",235,55,"SGF",-11,0,1
"Dec 92",236,15,"SGF",-11,0,1
"Dec 92",237,12,"TJS",81,1,1
"Dec 92",238,12,"TJS",81,1,1
"Dec 92",239,38,"TJS",81,1,1
"Dec 92",240,80,"TJS",81,1,1
"Dec 92",241,42,"TJS",81,1,1
"Dec 92",242,28,"TJS",81,1,1
"Dec 92",243,42,"TJS",93,2,1
"Dec 92",244,12,"TJS",93,2,1
"Dec 92",298,9,"TJS",93,2,1
"Dec 92",299,36,"TJS",93,2,1
"Dec 92",300,48,"TJS",93,2,1
"Dec 92",301,90,"TJS",93,2,1
"Dec 92",302,70,"TJS",93,2,1
"Dec 92",303,43,"TJS",107,2,1
"Dec 92",304,88,"TJS",107,2,1
"Dec 92",305,32,"TJS",107,2,1
"Dec 92",306,48,"TJS",107,2,1
"Dec 92",307,64,"TJS",107,2,1
"Dec 92",308,19,"TJS",107,2,1
"Dec 92",309,21,"TJS",107,2,1
"Dec 92",245,32,"TJS",118,2,1
"Dec 92",246,26,"TJS",118,2,1
"Dec 92",247,75,"TJS",118,2,1
"Dec 92",248,65,"TJS",118,2,1
"Dec 92",249,18,"TJS",118,2,1
"Dec 92",250,12,"TJS",118,2,1
"Dec 92",251,29,"TJS",129,2,1
"Dec 92",252,37,"TJS",129,2,1
"Dec 92",253,22,"TJS",129,2,1
"Dec 92",310,56,"TJS",141,2,1
"Dec 92",311,43,"TJS",141,2,1
"Dec 92",312,65,"TJS",141,2,1
"Dec 92",313,32,"TJS",141,2,1
"Dec 92",314,16,"TJS",141,2,1
"Dec 92",315,56,"TJS",156,3,1
"Dec 92",316,42,"TJS",156,3,1
"Dec 92",317,21,"TJS",156,3,1
"Dec 92",318,23,"TJS",156,3,1
"Dec 92",319,32,"TJS",156,3,1
"Dec 92",254,38,"TJS",167,3,1
"Dec 92",255,72,"TJS",167,3,1
"Dec 92",256,64,"TJS",167,3,1
"Dec 92",257,52,"TJS",167,3,1
"Dec 92",258,28,"TJS",167,3,1
"Dec 92",259,7,"TJS",167,3,1
"Dec 92",260,5,"TJS",167,3,1
"Dec 92",320,85,"TJS",178,3,1
"Dec 92",321,48,"TJS",178,3,1
"Dec 92",322,36,"TJS",178,3,1
"Dec 92",323,62,"TJS",178,3,1
"Dec 92",324,42,"TJS",178,3,1
"Dec 92",325,21,"TJS",188,3,1
"Dec 92",326,19,"TJS",188,3,1
"Dec 92",327,85,"TJS",188,3,1
"Dec 92",328,8,"TJS",188,3,1
"Dec 92",329,22,"TJS",188,3,1
"Dec 92",330,43,"TJS",188,3,1
"Dec 92",261,26,"TJS",199,3,1
"Dec 92",262,38,"TJS",199,3,1
"Dec 92",263,46,"TJS",199,3,1
"Dec 92",264,48,"TJS",199,3,1
"Dec 92",265,25,"TJS",199,3,1
"Dec 92",266,1,"TJS",199,3,1
"Dec 92",267,26,"TJS",47,1,1
"Dec 92",331,38,"TJS",47,1,1
"Dec 92",332,22,"TJS",47,1,1
"Dec 92",333,1,"TJS",36,1,1
"Dec 92",334,16,"TJS",36,1,1
"Dec 92",335,36,"TJS",36,1,1
"Dec 92",336,22,"TJS",36,1,1
"Dec 92",337,18,"TJS",36,1,1
"Dec 92",338,1,"TJS",36,1,1
"Dec 92",268,12,"TJS",22,0,1
"Dec 92",269,10,"TJS",22,0,1
"Dec 92",270,65,"TJS",22,0,1
"Dec 92",271,18,"TJS",22,0,1
"Dec 92",272,9,"TJS",10,0,1
"Dec 92",273,32,"TJS",10,0,1
"Dec 92",274,28,"TJS",10,0,1
"Dec 92",275,22,"TJS",10,0,1
"Dec 92",276,62,"TJS",10,0,1
"Dec 92",277,26,"TJS",10,0,1
"Dec 92",339,100,"TJS",0,0,1
"Dec 92",340,45,"TJS",0,0,1
"Dec 92",341,70,"TJS",0,0,1
"Dec 92",342,75,"TJS",0,0,1
"Dec 92",343,38,"TJS",0,0,1
"Dec 92",344,35,"TJS",-18,0,1
"Dec 92",345,38,"TJS",-18,0,1
"Dec 92",346,41,"TJS",-18,0,1
"Dec 92",347,45,"TJS",-18,0,1
"Apr 93",278,18,"TJS",28,0,1
"Apr 93",279,45,"TJS",28,0,1
"Apr 93",348,95,"TJS",28,0,1
"Apr 93",349,105,"TJS",28,0,1
"Apr 93",350,35,"TJS",28,0,1
"Apr 93",351,75,"TJS",28,0,1
"Apr 93",280,85,"TJS",44,1,1
"Apr 93",281,75,"TJS",44,1,1
"Apr 93",282,110,"TJS",44,1,1
"Apr 93",283,52,"TJS",44,1,1
"Apr 93",352,130,"TJS",53,1,1
"Apr 93",353,60,"TJS",53,1,1
"Apr 93",354,32,"TJS",53,1,1
"Apr 93",355,49,"TJS",53,1,1
"Apr 93",356,110,"TJS",53,1,1
"Apr 93",357,32,"TJS",63,1,1
"Apr 93",358,16,"TJS",63,1,1
"Apr 93",359,110,"TJS",63,1,1
"Apr 93",360,95,"TJS",63,1,1
"Apr 93",361,28,"TJS",63,1,1
"Apr 93",362,32,"TJS",63,1,1
"Apr 93",363,48,"TJS",63,1,1
"Apr 93",364,105,"TJS",73,1,1
"Apr 93",365,85,"TJS",73,1,1
"Apr 93",366,130,"TJS",73,1,1
"Apr 93",367,48,"TJS",73,1,1
"Apr 93",368,55,"TJS",73,1,1
"Apr 93",369,36,"TJS",73,1,1
"Apr 93",370,41,"TJS",73,1,1
"Apr 93",371,47,"TJS",86,1,1
"Apr 93",372,49,"TJS",86,1,1
"Apr 93",373,39,"TJS",86,1,1
"Apr 93",374,52,"TJS",86,1,1
"Apr 93",375,85,"TJS",86,1,1
"Apr 93",440,78,"TJS",86,1,1
"Apr 93",441,24,"TJS",86,1,1
"Apr 93",442,42,"TJS",86,1,1
"Apr 93",443,32,"TJS",98,2,1
"Apr 93",444,19,"TJS",98,2,1
"Apr 93",445,33,"TJS",98,2,1
"Apr 93",446,33,"TJS",98,2,1
"Apr 93",447,78,"TJS",98,2,1
"Apr 93",448,78,"TJS",98,2,1
"Apr 93",449,35,"TJS",98,2,1
"Apr 93",450,42,"TJS",98,2,1
"Apr 93",451,43,"TJS",98,2,1
"Apr 93",452,37,"TJS",98,2,1
"Apr 93",453,27,"TJS",98,2,1
"Apr 93",454,27,"TJS",98,2,1
"Apr 93",376,65,"TJS",108,2,1
"Apr 93",377,110,"TJS",108,2,1
"Apr 93",378,68,"TJS",108,2,1
"Apr 93",379,46,"TJS",108,2,1
"Apr 93",380,52,"TJS",108,2,1
"Apr 93",455,62,"TJS",117,2,1
"Apr 93",456,28,"TJS",117,2,1
"Apr 93",457,79,"TJS",117,2,1
"Apr 93",458,95,"TJS",117,2,1
"Apr 93",459,120,"TJS",117,2,1
"Apr 93",460,44,"TJS",117,2,1
"Apr 93",381,105,"TJS",127,2,1
"Apr 93",461,22,"TJS",127,2,1
"Apr 93",462,43,"TJS",127,2,1
"Apr 93",463,62,"TJS",127,2,1
"Apr 93",464,43,"TJS",127,2,1
"Apr 93",465,42,"TJS",127,2,1
"Apr 93",466,58,"TJS",127,2,1
"Apr 93",382,90,"TJS",140,2,1
"Apr 93",383,85,"TJS",140,2,1
"Apr 93",384,38,"TJS",140,2,1
"Apr 93",385,42,"TJS",140,2,1
"Apr 93",386,78,"TJS",140,2,1
"Apr 93",387,68,"TJS",140,2,1
"Apr 93",388,95,"TJS",140,2,1
"Apr 93",389,88,"TJS",213,4,1
"Apr 93",390,46,"TJS",213,4,1
"Apr 93",467,17,"TJS",213,4,1
"Apr 93",468,85,"TJS",213,4,1
"Apr 93",469,52,"TJS",213,4,1
"Apr 93",470,2,"TJS",213,4,1
"Apr 93",471,36,"TJS",213,4,1
"Apr 93",472,34,"TJS",299,5,1
"Apr 93",473,46,"TJS",299,5,1
"Apr 93",474,28,"TJS",299,5,1
"Apr 93",475,21,"TJS",299,5,1
"Apr 93",476,82,"TJS",299,5,1
"Apr 93",477,65,"TJS",299,5,1
"Apr 93",478,80,"TJS",299,5,1
"Apr 93",479,17,"TJS",299,5,1
"Apr 93",391,28,"TJS",289,5,1
"Apr 93",392,17,"TJS",289,5,1
"Apr 93",393,95,"TJS",289,5,1
"Apr 93",394,100,"TJS",289,5,1
"Apr 93",395,62,"TJS",289,5,1
"Apr 93",396,42,"TJS",270,4,1
"Apr 93",397,48,"TJS",270,4,1
"Apr 93",398,32,"TJS",270,4,1
"Apr 93",399,53,"TJS",270,4,1
"Apr 93",400,95,"TJS",270,4,1
"Apr 93",480,75,"TJS",259,4,1
"Apr 93",481,35,"TJS",259,4,1
"Apr 93",482,40,"TJS",259,4,1
"Apr 93",483,26,"TJS",259,4,1
"Apr 93",401,41,"TJS",247,4,1
"Apr 93",484,75,"TJS",247,4,1
"Apr 93",485,35,"TJS",247,4,1
"Apr 93",486,100,"TJS",247,4,1
"Apr 93",487,48,"TJS",247,4,1
"Apr 93",402,60,"TJS",235,4,1
"Apr 93",403,48,"TJS",235,4,1
"Apr 93",404,35,"TJS",235,4,1
"Apr 93",405,120,"TJS",235,4,1
"Apr 93",406,21,"TJS",235,4,1
"Apr 93",407,95,"TJS",235,4,1
"Apr 93",408,47,"TJS",235,4,1
"Apr 93",488,41,"TJS",223,4,1
"Apr 93",489,68,"TJS",223,4,1
"Apr 93",490,18,"TJS",223,4,1
"Apr 93",491,85,"TJS",223,4,1
"Apr 93",492,38,"TJS",223,4,1
"Apr 93",493,47,"TJS",223,4,1
"Apr 93",494,52,"TJS",223,4,1
"Apr 93",495,27,"TJS",223,4,1
"Apr 93",496,65,"TJS",212,4,1
"Apr 93",497,46,"TJS",212,4,1
"Apr 93",498,48,"TJS",212,4,1
"Apr 93",499,45,"TJS",212,4,1
"Apr 93",500,75,"TJS",212,4,1
"Apr 93",501,14,"TJS",212,4,1
"Apr 93",409,17,"TJS",199,3,1
"Apr 93",410,17,"TJS",199,3,1
"Apr 93",411,18,"TJS",199,3,1
"Apr 93",412,32,"TJS",199,3,1
"Apr 93",413,34,"TJS",199,3,1
"Apr 93",414,8,"TJS",199,3,1
"Apr 93",502,37,"TJS",189,3,1
"Apr 93",503,26,"TJS",189,3,1
"Apr 93",504,95,"TJS",189,3,1
"Apr 93",505,22,"TJS",189,3,1
"Apr 93",506,95,"TJS",189,3,1
"Apr 93",507,28,"TJS",189,3,1
"Apr 93",415,110,"TJS",178,3,1
"Apr 93",416,38,"TJS",178,3,1
"Apr 93",417,7,"TJS",178,3,1
"Apr 93",508,95,"TJS",178,3,1
"Apr 93",509,80,"TJS",178,3,1
"Apr 93",510,85,"TJS",178,3,1
"Apr 93",511,46,"TJS",178,3,1
"Apr 93",418,14,"TJS",167,3,1
"Apr 93",419,39,"TJS",167,3,1
"Apr 93",420,51,"TJS",167,3,1
"Apr 93",421,48,"TJS",167,3,1
"Apr 93",422,32,"TJS",167,3,1
"Apr 93",423,11,"TJS",167,3,1
"Apr 93",424,52,"TJS",167,3,1
"Apr 93",425,8,"TJS",167,3,1
"Apr 93",512,38,"TJS",236,4,1
"Apr 93",513,85,"TJS",236,4,1
"Apr 93",514,24,"TJS",236,4,1
"Apr 93",515,90,"TJS",236,4,1
"Apr 93",516,32,"TJS",236,4,1
"Apr 93",517,46,"TJS",223,4,1
"Apr 93",518,52,"TJS",223,4,1
"Apr 93",519,68,"TJS",223,4,1
"Apr 93",520,26,"TJS",223,4,1
"Apr 93",426,26,"TJS",210,4,1
"Apr 93",427,48,"TJS",210,4,1
"Apr 93",428,75,"TJS",210,4,1
"Apr 93",429,62,"TJS",210,4,1
"Apr 93",430,26,"TJS",210,4,1
"Apr 93",431,70,"TJS",210,4,1
"Apr 93",521,14,"TJS",210,4,1
"Apr 93",522,17,"TJS",210,4,1
"Apr 93",432,10,"TJS",197,3,1
"Apr 93",433,26,"TJS",197,3,1
"Apr 93",434,35,"TJS",197,3,1
"Apr 93",435,16,"TJS",197,3,1
"Apr 93",436,42,"TJS",197,3,1
"Apr 93",437,90,"TJS",197,3,1
"Apr 93",438,65,"TJS",197,3,1
"Apr 93",439,49,"TJS",182,3,1
"Apr 93",523,42,"TJS",182,3,1
"Apr 93",524,36,"TJS",182,3,1
"Apr 93",525,85,"TJS",182,3,1
"Apr 93",526,75,"TJS",182,3,1
"Apr 93",527,49,"TJS",182,3,1
"Apr 93",528,26,"TJS",171,3,1
"Apr 93",529,35,"TJS",171,3,1
"Apr 93",530,44,"TJS",171,3,1
"Apr 93",531,27,"TJS",171,3,1
"Apr 93",532,42,"TJS",171,3,1
"Apr 93",533,39,"TJS",171,3,1
"Apr 93",534,51,"TJS",171,3,1
"Apr 93",535,67,"TJS",171,3,1
"Apr 93",536,26,"TJS",160,3,1
"Apr 93",537,39,"TJS",160,3,1
"Apr 93",538,21,"TJS",160,3,1
"Apr 93",539,52,"TJS",160,3,1
"Apr 93",540,87,"TJS",160,3,1
"Apr 93",541,75,"TJS",160,3,1
"Apr 93",542,27,"TJS",145,2,1
"Apr 93",543,28,"TJS",145,2,1
"Apr 93",544,65,"TJS",145,2,1
"Apr 93",545,17,"TJS",145,2,1
"Apr 93",623,85,"TJS",145,2,1
"Apr 93",624,21,"TJS",145,2,1
"Apr 93",625,28,"TJS",145,2,1
"Apr 93",626,29,"TJS",134,2,1
"Apr 93",627,38,"TJS",134,2,1
"Apr 93",628,47,"TJS",134,2,1
"Apr 93",629,52,"TJS",134,2,1
"Apr 93",630,62,"TJS",134,2,1
"Apr 93",631,41,"TJS",134,2,1
"Apr 93",546,38,"TJS",123,2,1
"Apr 93",547,19,"TJS",123,2,1
"Apr 93",548,68,"TJS",123,2,1
"Apr 93",549,21,"TJS",123,2,1
"Apr 93",550,26,"TJS",123,2,1
"Apr 93",551,30,"TJS",123,2,1
"Apr 93",552,110,"TJS",123,2,1
"Apr 93",553,76,"TJS",123,2,1
"Apr 93",554,47,"TJS",123,2,1
"Apr 93",555,52,"TJS",123,2,1
"Apr 93",632,32,"TJS",112,2,1
"Apr 93",633,21,"TJS",112,2,1
"Apr 93",634,47,"TJS",112,2,1
"Apr 93",635,3,"TJS",112,2,1
"Apr 93",636,2,"TJS",112,2,1
"Apr 93",637,2,"TJS",112,2,1
"Apr 93",638,17,"TJS",112,2,1
"Apr 93",639,72,"TJS",112,2,1
"Apr 93",640,78,"TJS",112,2,1
"Apr 93",641,40,"TJS",112,2,1
"Apr 93",556,55,"TJS",46,1,1
"Apr 93",557,70,"TJS",46,1,1
"Apr 93",558,75,"TJS",46,1,1
"Apr 93",559,72,"TJS",46,1,1
"Apr 93",560,4,"TJS",46,1,1
"Apr 93",561,12,"TJS",46,1,1
"Apr 93",642,50,"TJS",46,1,1
"Apr 93",643,58,"TJS",46,1,1
"Apr 93",562,45,"TJS",58,1,1
"Apr 93",563,16,"TJS",58,1,1
"Apr 93",564,36,"TJS",58,1,1
"Apr 93",565,42,"TJS",58,1,1
"Apr 93",566,75,"TJS",58,1,1
"Apr 93",567,70,"TJS",58,1,1
"Apr 93",568,110,"TJS",58,1,1
"Apr 93",569,51,"TJS",58,1,1
"Apr 93",570,8,"TJS",58,1,1
"Apr 93",644,65,"TJS",68,1,1
"Apr 93",645,36,"TJS",68,1,1
"Apr 93",646,45,"TJS",68,1,1
"Apr 93",647,26,"TJS",68,1,1
"Apr 93",648,79,"TJS",68,1,1
"Apr 93",649,40,"TJS",68,1,1
"Apr 93",650,36,"TJS",68,1,1
"Apr 93",571,36,"TJS",78,1,1
"Apr 93",572,27,"TJS",78,1,1
"Apr 93",573,68,"TJS",78,1,1
"Apr 93",574,105,"TJS",78,1,1
"Apr 93",651,42,"TJS",78,1,1
"Apr 93",652,48,"TJS",78,1,1
"Apr 93",575,28,"TJS",89,1,1
"Apr 93",576,36,"TJS",89,1,1
"Apr 93",577,23,"TJS",89,1,1
"Apr 93",578,21,"TJS",89,1,1
"Apr 93",579,90,"TJS",89,1,1
"Apr 93",580,54,"TJS",89,1,1
"Apr 93",653,36,"TJS",100,2,1
"Apr 93",654,6,"TJS",100,2,1
"Apr 93",655,44,"TJS",100,2,1
"Apr 93",656,47,"TJS",100,2,1
"Apr 93",657,48,"TJS",100,2,1
"July 93",581,30,"TJS",171,3,1
"July 93",582,80,"TJS",171,3,1
"July 93",583,70,"TJS",171,3,1
"July 93",584,80,"TJS",171,3,1
"July 93",585,28,"TJS",171,3,1
"July 93",586,32,"TJS",171,3,1
"July 93",587,60,"TJS",171,3,1
"July 93",658,12,"TJS",171,3,1
"July 93",588,32,"TJS",182,3,1
"July 93",589,85,"TJS",182,3,1
"July 93",659,23,"TJS",182,3,1
"July 93",660,75,"TJS",182,3,1
"July 93",661,80,"TJS",182,3,1
"July 93",662,42,"TJS",182,3,1
"July 93",663,48,"TJS",192,3,1
"July 93",664,60,"TJS",192,3,1
"July 93",665,85,"TJS",192,3,1
"July 93",666,100,"TJS",192,3,1
"July 93",590,25,"TJS",203,3,1
"July 93",591,14,"TJS",203,3,1
"July 93",592,17,"TJS",203,3,1
"July 93",667,28,"TJS",203,3,1
"July 93",593,40,"TJS",214,4,1
"July 93",594,90,"TJS",214,4,1
"July 93",595,28,"TJS",214,4,1
"July 93",596,24,"TJS",214,4,1
"July 93",597,62,"TJS",214,4,1
"July 93",598,60,"TJS",214,4,1
"July 93",668,32,"TJS",225,4,1
"July 93",669,70,"TJS",225,4,1
"July 93",670,36,"TJS",225,4,1
"July 93",671,38,"TJS",225,4,1
"July 93",672,45,"TJS",225,4,1
"July 93",673,40,"TJS",225,4,1
"July 93",599,90,"TJS",237,4,1
"July 93",600,65,"TJS",237,4,1
"July 93",601,36,"TJS",237,4,1
"July 93",602,60,"TJS",237,4,1
"July 93",603,45,"TJS",237,4,1
"July 93",604,75,"TJS",237,4,1
"July 93",674,28,"TJS",237,4,1
"July 93",675,85,"TJS",237,4,1
"July 93",605,48,"TJS",247,4,1
"July 93",606,48,"TJS",247,4,1
"July 93",607,65,"TJS",247,4,1
"July 93",608,80,"TJS",247,4,1
"July 93",609,70,"TJS",247,4,1
"July 93",610,45,"TJS",247,4,1
"July 93",611,28,"TJS",247,4,1
"July 93",612,26,"TJS",247,4,1
"July 93",676,26,"TJS",257,4,1
"July 93",677,38,"TJS",257,4,1
"July 93",678,75,"TJS",257,4,1
"July 93",679,80,"TJS",257,4,1
"July 93",680,90,"TJS",257,4,1
"July 93",681,42,"TJS",257,4,1
"July 93",682,70,"TJS",257,4,1
"July 93",613,45,"TJS",268,4,1
"July 93",614,40,"TJS",268,4,1
"July 93",615,60,"TJS",268,4,1
"July 93",683,32,"TJS",268,4,1
"July 93",684,12,"TJS",268,4,1
"July 93",685,38,"TJS",268,4,1
"July 93",616,42,"TJS",279,5,1
"July 93",617,38,"TJS",279,5,1
"July 93",618,80,"TJS",279,5,1
"July 93",619,65,"TJS",279,5,1
"July 93",620,45,"TJS",279,5,1
"July 93",621,18,"TJS",279,5,1
"July 93",622,36,"TJS",279,5,1
"July 93",686,3,"TJS",290,5,1
"July 93",687,28,"TJS",290,5,1
"July 93",688,70,"TJS",290,5,1
"July 93",689,50,"TJS",290,5,1
"July 93",690,50,"TJS",290,5,1
"July 93",691,55,"TJS",290,5,1
"July 93",692,14,"TJS",155,3,1
"July 93",693,45,"TJS",155,3,1
"July 93",694,32,"TJS",155,3,1
"July 93",695,35,"TJS",155,3,1
"July 93",696,16,"TJS",155,3,1
"July 93",697,65,"TJS",145,2,1
"July 93",698,23,"TJS",145,2,1
"July 93",699,40,"TJS",145,2,1
"July 93",700,26,"TJS",145,2,1
"July 93",701,55,"TJS",135,2,1
"July 93",702,8,"TJS",135,2,1
"July 93",703,45,"TJS",135,2,1
"July 93",704,75,"TJS",135,2,1
"July 93",705,60,"TJS",135,2,1
"July 93",706,26,"TJS",123,2,1
"July 93",707,65,"TJS",123,2,1
"July 93",708,90,"TJS",123,2,1
"July 93",709,35,"TJS",123,2,1
"July 93",797,38,"TJS",123,2,1
"July 93",798,42,"TJS",123,2,1
"July 93",799,36,"TJS",111,2,1
"July 93",800,45,"TJS",111,2,1
"July 93",710,50,"TJS",100,2,1
"July 93",711,4,"TJS",100,2,1
"July 93",712,24,"TJS",100,2,1
"July 93",713,16,"TJS",100,2,1
"July 93",714,35,"TJS",100,2,1
"July 93",715,12,"TJS",100,2,1
"July 93",716,29,"TJS",100,2,1
"July 93",717,35,"TJS",100,2,1
"July 93",718,50,"TJS",87,1,1
"July 93",719,23,"TJS",87,1,1
"July 93",720,19,"TJS",87,1,1
"July 93",721,85,"TJS",87,1,1
"July 93",801,27,"TJS",75,1,1
"July 93",802,24,"TJS",75,1,1
"July 93",803,26,"TJS",75,1,1
"July 93",804,17,"TJS",75,1,1
"July 93",805,17,"TJS",75,1,1
"July 93",722,42,"TJS",66,1,1
"July 93",723,12,"TJS",66,1,1
"July 93",724,23,"TJS",66,1,1
"July 93",725,9,"TJS",66,1,1
"July 93",726,9,"TJS",66,1,1
"July 93",806,32,"TJS",66,1,1
"July 93",807,50,"TJS",66,1,1
"July 93",727,80,"TJS",54,1,1
"July 93",728,26,"TJS",54,1,1
"July 93",729,45,"TJS",54,1,1
"July 93",730,50,"TJS",54,1,1
"July 93",731,60,"TJS",54,1,1
"July 93",732,40,"TJS",54,1,1
"July 93",733,58,"TJS",54,1,1
"July 93",808,32,"TJS",41,1,1
"July 93",809,26,"TJS",41,1,1
"July 93",810,45,"TJS",41,1,1
"July 93",811,16,"TJS",41,1,1
"July 93",812,45,"TJS",41,1,1
"July 93",813,30,"TJS",41,1,1
"July 93",814,33,"TJS",28,0,1
"July 93",815,50,"TJS",28,0,1
"July 93",816,45,"TJS",28,0,1
"July 93",817,37,"TJS",28,0,1
"July 93",818,23,"TJS",28,0,1
"July 93",819,35,"TJS",28,0,1
"July 93",734,8,"SGF",104,2,1
"July 93",735,37,"SGF",104,2,1
"July 93",736,8,"SGF",137,2,1
"July 93",737,13,"SGF",137,2,1
"July 93",738,14,"SGF",137,2,1
"July 93",739,28,"SGF",137,2,1
"July 93",740,15,"SGF",137,2,1
"July 93",741,25,"SGF",137,2,1
"July 93",742,8,"SGF",164,3,1
"July 93",743,65,"SGF",164,3,1
"July 93",744,48,"SGF",164,3,1
"July 93",745,17,"SGF",164,3,1
"July 93",746,10,"SGF",164,3,1
"July 93",820,24,"SGF",174,3,1
"July 93",821,18,"SGF",174,3,1
"July 93",822,10,"SGF",174,3,1
"July 93",823,14,"SGF",174,3,1
"July 93",824,22,"SGF",186,3,1
"July 93",825,18,"SGF",186,3,1
"July 93",826,18,"SGF",186,3,1
"July 93",827,15,"SGF",186,3,1
"July 93",828,18,"SGF",186,3,1
"July 93",829,40,"SGF",197,3,1
"July 93",830,35,"SGF",197,3,1
"July 93",831,24,"SGF",197,3,1
"July 93",832,22,"SGF",197,3,1
"July 93",747,35,"SGF",210,4,1
"July 93",748,30,"SGF",210,4,1
"July 93",749,12,"SGF",210,4,1
"July 93",750,25,"SGF",210,4,1
"July 93",751,25,"SGF",210,4,1
"July 93",752,20,"SGF",210,4,1
"July 93",753,26,"SGF",210,4,1
"July 93",754,28,"SGF",221,4,1
"July 93",755,45,"SGF",221,4,1
"July 93",756,22,"SGF",221,4,1
"July 93",757,15,"SGF",221,4,1
"July 93",758,25,"SGF",221,4,1
"July 93",759,25,"SGF",221,4,1
"July 93",760,4,"SGF",221,4,1
"July 93",761,7,"SGF",221,4,1
"July 93",762,35,"SGF",232,4,1
"July 93",833,35,"SGF",232,4,1
"July 93",834,38,"SGF",232,4,1
"July 93",835,30,"SGF",232,4,1
"July 93",836,23,"SGF",242,4,1
"July 93",837,22,"SGF",242,4,1
"July 93",838,22,"SGF",242,4,1
"July 93",839,3,"SGF",242,4,1
"July 93",840,10,"SGF",252,4,1
"July 93",841,12,"SGF",252,4,1
"July 93",842,16,"SGF",252,4,1
"July 93",843,15,"SGF",252,4,1
"July 93",844,25,"SGF",252,4,1
"July 93",763,24,"SGF",71,1,1
"July 93",764,24,"SGF",71,1,1
"July 93",765,5,"SGF",71,1,1
"July 93",766,8,"SGF",71,1,1
"July 93",767,28,"SGF",71,1,1
"July 93",768,13,"SGF",59,1,1
"July 93",769,13,"SGF",59,1,1
"July 93",845,12,"SGF",48,1,1
"July 93",846,22,"SGF",34,1,1
"July 93",847,8,"SGF",34,1,1
"July 93",848,50,"SGF",34,1,1
"July 93",849,35,"SGF",34,1,1
"July 93",850,28,"SGF",34,1,1
"July 93",851,60,"SGF",34,1,1
"July 93",852,75,"SGF",22,0,1
"janv-94",770,26,"TJS",-8,0,1
"janv-94",771,80,"TJS",-8,0,1
"janv-94",772,90,"TJS",-8,0,1
"janv-94",773,75,"TJS",-8,0,1
"janv-94",774,48,"TJS",3,0,1
"janv-94",775,110,"TJS",3,0,1
"janv-94",776,50,"TJS",3,0,1
"janv-94",777,70,"TJS",3,0,1
"janv-94",778,120,"TJS",3,0,1
"janv-94",779,80,"TJS",3,0,1
"janv-94",780,200,"TJS",14,0,1
"janv-94",781,120,"TJS",14,0,1
"janv-94",782,85,"TJS",14,0,1
"janv-94",783,180,"TJS",14,0,1
"janv-94",784,41,"TJS",14,0,1
"janv-94",853,65,"TJS",26,0,1
"janv-94",854,210,"TJS",26,0,1
"janv-94",855,210,"TJS",26,0,1
"janv-94",856,110,"TJS",26,0,1
"janv-94",857,80,"TJS",26,0,1
"janv-94",858,95,"TJS",26,0,1
"janv-94",859,120,"TJS",26,0,1
"janv-94",860,110,"TJS",38,1,1
"janv-94",861,180,"TJS",38,1,1
"janv-94",862,58,"TJS",38,1,1
"janv-94",863,85,"TJS",38,1,1
"janv-94",864,40,"TJS",38,1,1
"janv-94",785,60,"TJS",48,1,1
"janv-94",786,90,"TJS",48,1,1
"janv-94",787,85,"TJS",48,1,1
"janv-94",788,35,"TJS",48,1,1
"janv-94",789,55,"TJS",48,1,1
"janv-94",865,78,"TJS",48,1,1
"janv-94",790,95,"TJS",59,1,1
"janv-94",791,65,"TJS",59,1,1
"janv-94",792,85,"TJS",59,1,1
"janv-94",793,48,"TJS",59,1,1
"janv-94",794,16,"TJS",59,1,1
"janv-94",795,38,"TJS",59,1,1
"janv-94",796,29,"TJS",59,1,1
"janv-94",866,48,"TJS",75,1,1
"janv-94",867,16,"TJS",75,1,1
"janv-94",868,12,"TJS",75,1,1
"janv-94",869,180,"TJS",75,1,1
"janv-94",870,120,"TJS",75,1,1
"janv-94",871,36,"TJS",75,1,1
"janv-94",872,75,"TJS",75,1,1
"janv-94",873,95,"TJS",86,1,1
"janv-94",874,150,"TJS",86,1,1
"janv-94",875,180,"TJS",86,1,1
"janv-94",876,110,"TJS",86,1,1
"janv-94",877,33,"TJS",86,1,1
"janv-94",878,32,"TJS",86,1,1
"janv-94",879,56,"TJS",86,1,1
"janv-94",880,17,"TJS",86,1,1
"janv-94",881,48,"TJS",86,1,1
"janv-94",882,23,"TJS",97,2,1
"janv-94",883,78,"TJS",97,2,1
"janv-94",884,140,"TJS",97,2,1
"janv-94",885,110,"TJS",97,2,1
"janv-94",886,82,"TJS",97,2,1
"janv-94",887,56,"TJS",97,2,1
"janv-94",888,32,"TJS",97,2,1
"janv-94",889,42,"TJS",97,2,1
"janv-94",966,68,"TJS",106,2,1
"janv-94",967,85,"TJS",106,2,1
"janv-94",968,45,"TJS",106,2,1
"janv-94",969,28,"TJS",117,2,1
"janv-94",970,32,"TJS",117,2,1
"janv-94",890,7,"TJS",233,4,1
"janv-94",891,56,"TJS",233,4,1
"janv-94",892,85,"TJS",233,4,1
"janv-94",893,44,"TJS",233,4,1
"janv-94",971,12,"TJS",233,4,1
"janv-94",894,110,"TJS",224,4,1
"janv-94",895,70,"TJS",224,4,1
"janv-94",896,48,"TJS",224,4,1
"janv-94",897,26,"TJS",224,4,1
"janv-94",898,85,"TJS",224,4,1
"janv-94",899,45,"TJS",224,4,1
"janv-94",972,86,"TJS",215,4,1
"janv-94",973,26,"TJS",215,4,1
"janv-94",974,11,"TJS",215,4,1
"janv-94",975,95,"TJS",215,4,1
"janv-94",976,38,"TJS",215,4,1
"janv-94",977,68,"TJS",215,4,1
"janv-94",978,44,"TJS",215,4,1
"janv-94",979,110,"TJS",206,3,1
"janv-94",980,90,"TJS",206,3,1
"janv-94",900,40,"TJS",197,3,1
"janv-94",981,58,"TJS",197,3,1
"janv-94",982,34,"TJS",197,3,1
"janv-94",983,48,"TJS",197,3,1
"janv-94",984,100,"TJS",197,3,1
"janv-94",901,48,"TJS",188,3,1
"janv-94",902,23,"TJS",188,3,1
"janv-94",903,24,"TJS",188,3,1
"janv-94",904,90,"TJS",188,3,1
"janv-94",905,68,"TJS",188,3,1
"janv-94",906,75,"TJS",188,3,1
"janv-94",907,110,"TJS",188,3,1
"janv-94",908,85,"TJS",188,3,1
"janv-94",985,27,"TJS",179,3,1
"janv-94",986,48,"TJS",179,3,1
"janv-94",987,56,"TJS",179,3,1
"janv-94",988,95,"TJS",179,3,1
"janv-94",989,85,"TJS",179,3,1
"janv-94",990,24,"TJS",179,3,1
"janv-94",991,65,"TJS",168,3,1
"janv-94",992,85,"TJS",168,3,1
"janv-94",993,110,"TJS",168,3,1
"janv-94",994,23,"TJS",168,3,1
"janv-94",995,24,"TJS",168,3,1
"janv-94",909,110,"TJS",158,3,1
"janv-94",910,85,"TJS",158,3,1
"janv-94",911,36,"TJS",158,3,1
"janv-94",912,9,"TJS",158,3,1
"janv-94",913,38,"TJS",158,3,1
"janv-94",914,65,"TJS",158,3,1
"janv-94",915,22,"TJS",158,3,1
"janv-94",916,120,"TJS",147,2,1
"janv-94",917,43,"TJS",147,2,1
"janv-94",918,95,"TJS",147,2,1
"janv-94",996,28,"TJS",147,2,1
"janv-94",997,68,"TJS",147,2,1
"janv-94",998,42,"TJS",147,2,1
"janv-94",999,26,"TJS",147,2,1
"janv-94",1000,13,"TJS",147,2,1
"janv-94",1001,56,"TJS",137,2,1
"janv-94",1002,75,"TJS",137,2,1
"janv-94",1003,62,"TJS",137,2,1
"janv-94",1004,46,"TJS",137,2,1
"janv-94",919,23,"TJS",127,2,1
"janv-94",920,17,"TJS",127,2,1
"janv-94",921,62,"TJS",127,2,1
"janv-94",922,75,"TJS",127,2,1
"janv-94",923,90,"TJS",127,2,1
"janv-94",924,42,"TJS",183,3,1
"janv-94",925,46,"TJS",183,3,1
"janv-94",926,2,"TJS",183,3,1
"janv-94",927,22,"TJS",183,3,1
"janv-94",928,38,"TJS",183,3,1
"janv-94",929,110,"TJS",183,3,1
"janv-94",1005,24,"TJS",170,3,1
"janv-94",1006,31,"TJS",170,3,1
"janv-94",1007,68,"TJS",170,3,1
"janv-94",1008,52,"TJS",170,3,1
"janv-94",1009,90,"TJS",170,3,1
"janv-94",1010,100,"TJS",170,3,1
"janv-94",1011,85,"TJS",170,3,1
"janv-94",1012,26,"TJS",170,3,1
"janv-94",1013,45,"TJS",170,3,1
"janv-94",930,38,"TJS",157,3,1
"janv-94",931,95,"TJS",157,3,1
"janv-94",932,85,"TJS",157,3,1
"janv-94",1014,56,"TJS",157,3,1
"janv-94",1015,42,"TJS",157,3,1
"janv-94",1016,68,"TJS",157,3,1
"janv-94",1017,75,"TJS",157,3,1
"janv-94",933,8,"TJS",145,2,1
"janv-94",934,70,"TJS",145,2,1
"janv-94",935,19,"TJS",145,2,1
"janv-94",936,22,"TJS",145,2,1
"janv-94",937,68,"TJS",134,2,1
"janv-94",938,105,"TJS",134,2,1
"janv-94",939,78,"TJS",134,2,1
"janv-94",940,16,"TJS",134,2,1
"janv-94",1018,16,"TJS",134,2,1
"janv-94",1019,32,"TJS",134,2,1
"janv-94",1020,27,"TJS",134,2,1
"janv-94",1021,36,"TJS",134,2,1
"janv-94",1022,40,"TJS",134,2,1
"janv-94",1023,75,"TJS",134,2,1
"janv-94",1024,70,"TJS",124,2,1
"janv-94",1025,105,"TJS",124,2,1
"janv-94",1026,90,"TJS",124,2,1
"janv-94",1027,34,"TJS",124,2,1
"janv-94",1028,18,"TJS",124,2,1
"janv-94",1029,26,"TJS",124,2,1
"janv-94",1030,85,"TJS",124,2,1
"janv-94",1031,95,"TJS",124,2,1
"janv-94",941,140,"TJS",114,2,1
"janv-94",942,110,"TJS",114,2,1
"janv-94",943,85,"TJS",114,2,1
"janv-94",944,65,"TJS",114,2,1
"janv-94",945,17,"TJS",114,2,1
"janv-94",946,45,"TJS",114,2,1
"janv-94",947,65,"TJS",114,2,1
"janv-94",948,29,"TJS",114,2,1
"janv-94",949,32,"TJS",114,2,1
"janv-94",950,22,"TJS",114,2,1
"janv-94",1032,120,"TJS",114,2,1
"janv-94",951,42,"TJS",102,2,1
"janv-94",952,80,"TJS",102,2,1
"janv-94",953,65,"TJS",102,2,1
"janv-94",954,28,"TJS",102,2,1
"janv-94",955,23,"TJS",102,2,1
"janv-94",956,8,"TJS",102,2,1
"janv-94",1033,5,"TJS",102,2,1
"janv-94",1034,120,"TJS",93,2,1
"janv-94",1035,140,"TJS",93,2,1
"janv-94",1036,78,"TJS",93,2,1
"janv-94",1037,85,"TJS",93,2,1
"janv-94",1038,120,"TJS",93,2,1
"janv-94",1039,110,"TJS",93,2,1
"janv-94",957,110,"TJS",80,1,1
"janv-94",958,120,"TJS",80,1,1
"janv-94",959,85,"TJS",80,1,1
"janv-94",960,80,"TJS",80,1,1
"janv-94",961,23,"TJS",80,1,1
"janv-94",962,25,"TJS",80,1,1
"janv-94",963,52,"TJS",69,1,1
"janv-94",964,85,"TJS",69,1,1
"janv-94",965,46,"TJS",69,1,1
"janv-94",1040,85,"TJS",-1,0,1
"janv-94",1041,68,"TJS",-1,0,1
"janv-94",1042,48,"TJS",-1,0,1
"janv-94",1043,78,"TJS",-1,0,1
"janv-94",1044,52,"TJS",-1,0,1
"janv-94",1045,8,"TJS",-1,0,1
"janv-94",1046,4,"TJS",-1,0,1
"janv-94",1047,60,"TJS",14,0,1
"janv-94",1048,85,"TJS",14,0,1
"janv-94",1049,32,"TJS",14,0,1
"janv-94",1050,28,"TJS",14,0,1
"janv-94",1051,16,"TJS",14,0,1
"janv-94",1052,40,"TJS",14,0,1
"janv-94",1053,140,"TJS",14,0,1
"janv-94",1054,23,"TJS",14,0,1
"janv-94",1055,110,"TJS",14,0,1
"janv-94",1056,42,"TJS",14,0,1
"janv-94",1057,19,"TJS",14,0,1
"janv-94",1058,28,"TJS",14,0,1
"janv-94",1059,95,"TJS",24,0,1
"janv-94",1060,140,"TJS",24,0,1
"janv-94",1061,48,"TJS",24,0,1
"janv-94",1120,36,"TJS",24,0,1
"janv-94",1121,85,"TJS",24,0,1
"janv-94",1122,140,"TJS",24,0,1
"janv-94",1123,95,"TJS",24,0,1
"janv-94",1124,85,"TJS",35,1,1
"janv-94",1125,105,"TJS",35,1,1
"janv-94",1126,105,"TJS",35,1,1
"janv-94",1127,65,"TJS",35,1,1
"janv-94",1128,48,"TJS",35,1,1
"janv-94",1129,65,"TJS",35,1,1
"janv-94",1130,85,"TJS",35,1,1
"janv-94",1131,75,"TJS",35,1,1
"janv-94",1062,48,"TJS",45,1,1
"janv-94",1063,85,"TJS",45,1,1
"janv-94",1064,95,"TJS",45,1,1
"janv-94",1065,19,"TJS",45,1,1
"janv-94",1066,120,"TJS",45,1,1
"janv-94",1067,55,"TJS",45,1,1
"janv-94",1068,15,"TJS",45,1,1
"janv-94",1069,75,"TJS",45,1,1
"janv-94",1132,36,"TJS",45,1,1
"janv-94",1133,120,"TJS",45,1,1
"janv-94",1070,90,"TJS",55,1,1
"janv-94",1071,50,"TJS",55,1,1
"janv-94",1072,38,"TJS",55,1,1
"janv-94",1073,48,"TJS",55,1,1
"Apr 94",1134,24,"TJS",63,1,1
"Apr 94",1135,45,"TJS",63,1,1
"Apr 94",1136,28,"TJS",63,1,1
"Apr 94",1137,45,"TJS",63,1,1
"Apr 94",1138,70,"TJS",63,1,1
"Apr 94",1139,50,"TJS",63,1,1
"Apr 94",1140,40,"TJS",63,1,1
"Apr 94",1074,80,"TJS",73,1,1
"Apr 94",1141,75,"TJS",73,1,1
"Apr 94",1142,35,"TJS",73,1,1
"Apr 94",1143,90,"TJS",73,1,1
"Apr 94",1144,65,"TJS",73,1,1
"Apr 94",1075,75,"TJS",83,1,1
"Apr 94",1076,80,"TJS",83,1,1
"Apr 94",1077,60,"TJS",83,1,1
"Apr 94",1078,80,"TJS",83,1,1
"Apr 94",1079,10,"TJS",83,1,1
"Apr 94",1145,70,"TJS",94,2,1
"Apr 94",1146,55,"TJS",94,2,1
"Apr 94",1147,110,"TJS",94,2,1
"Apr 94",1148,45,"TJS",94,2,1
"Apr 94",1149,90,"TJS",94,2,1
"Apr 94",1150,18,"TJS",94,2,1
"Apr 94",1080,85,"TJS",104,2,1
"Apr 94",1151,26,"TJS",104,2,1
"Apr 94",1152,90,"TJS",104,2,1
"Apr 94",1153,110,"TJS",104,2,1
"Apr 94",1154,75,"TJS",104,2,1
"Apr 94",1155,80,"TJS",104,2,1
"Apr 94",1156,55,"TJS",104,2,1
"Apr 94",1081,11,"TJS",114,2,1
"Apr 94",1082,55,"TJS",114,2,1
"Apr 94",1083,60,"TJS",114,2,1
"Apr 94",1084,70,"TJS",114,2,1
"Apr 94",1085,45,"TJS",114,2,1
"Apr 94",1086,90,"TJS",114,2,1
"Apr 94",1087,26,"TJS",114,2,1
"Apr 94",1157,39,"TJS",123,2,1
"Apr 94",1158,38,"TJS",123,2,1
"Apr 94",1159,22,"TJS",123,2,1
"Apr 94",1160,28,"TJS",123,2,1
"Apr 94",1161,10,"TJS",123,2,1
"Apr 94",1162,55,"TJS",123,2,1
"Apr 94",1163,65,"TJS",123,2,1
"Apr 94",1088,44,"TJS",133,2,1
"Apr 94",1089,70,"TJS",133,2,1
"Apr 94",1090,65,"TJS",133,2,1
"Apr 94",1091,29,"TJS",133,2,1
"Apr 94",1092,36,"TJS",133,2,1
"Apr 94",1093,75,"TJS",133,2,1
"Apr 94",1164,54,"TJS",133,2,1
"Apr 94",1094,38,"TJS",143,2,1
"Apr 94",1095,80,"TJS",143,2,1
"Apr 94",1096,65,"TJS",143,2,1
"Apr 94",1097,26,"TJS",143,2,1
"Apr 94",1098,70,"TJS",143,2,1
"Apr 94",1165,47,"TJS",153,3,1
"Apr 94",1166,48,"TJS",153,3,1
"Apr 94",1167,50,"TJS",153,3,1
"Apr 94",1168,28,"TJS",153,3,1
"Apr 94",1169,18,"TJS",153,3,1
"Apr 94",1170,27,"TJS",153,3,1
"Apr 94",1099,12,"TJS",163,3,1
"Apr 94",1100,12,"TJS",163,3,1
"Apr 94",1101,80,"TJS",163,3,1
"Apr 94",1102,46,"TJS",163,3,1
"Apr 94",1103,60,"TJS",163,3,1
"Apr 94",1104,60,"TJS",163,3,1
"Apr 94",1105,28,"TJS",163,3,1
"Apr 94",1106,50,"TJS",163,3,1
"Apr 94",1107,45,"TJS",163,3,1
"Apr 94",1171,40,"TJS",173,3,1
"Apr 94",1172,48,"TJS",173,3,1
"Apr 94",1173,28,"TJS",173,3,1
"Apr 94",1174,32,"TJS",173,3,1
"Apr 94",1108,40,"TJS",307,5,1
"Apr 94",1175,70,"TJS",307,5,1
"Apr 94",1176,12,"TJS",307,5,1
"Apr 94",1177,60,"TJS",307,5,1
"Apr 94",1178,36,"TJS",307,5,1
"Apr 94",1179,42,"TJS",307,5,1
"Apr 94",1109,45,"TJS",299,5,1
"Apr 94",1110,33,"TJS",299,5,1
"Apr 94",1111,32,"TJS",299,5,1
"Apr 94",1112,25,"TJS",299,5,1
"Apr 94",1113,60,"TJS",299,5,1
"Apr 94",1180,28,"TJS",287,5,1
"Apr 94",1181,19,"TJS",287,5,1
"Apr 94",1182,32,"TJS",287,5,1
"Apr 94",1183,45,"TJS",287,5,1
"Apr 94",1184,50,"TJS",287,5,1
"Apr 94",1185,70,"TJS",287,5,1
"Apr 94",1186,45,"TJS",277,5,1
"Apr 94",1187,12,"TJS",277,5,1
"Apr 94",1188,32,"TJS",277,5,1
"Apr 94",1189,25,"TJS",277,5,1
"Apr 94",1114,46,"TJS",267,4,1
"Apr 94",1115,50,"TJS",267,4,1
"Apr 94",1116,19,"TJS",267,4,1
"Apr 94",1117,36,"TJS",267,4,1
"Apr 94",1118,12,"TJS",267,4,1
"Apr 94",1119,35,"TJS",267,4,1
"Apr 94",1190,35,"TJS",252,4,1
"Apr 94",1191,45,"TJS",252,4,1
"Apr 94",1192,19,"TJS",252,4,1
"Apr 94",1193,65,"TJS",252,4,1
"Apr 94",1194,20,"TJS",252,4,1
"Apr 94",1195,35,"TJS",252,4,1
"Apr 94",1196,42,"TJS",242,4,1
"Apr 94",1197,27,"TJS",242,4,1
"Apr 94",1198,19,"TJS",242,4,1
"Apr 94",1199,44,"TJS",242,4,1
"Apr 94",1200,35,"TJS",242,4,1
"Apr 94",1201,26,"TJS",242,4,1
"Apr 94",1202,3,"TJS",232,4,1
"Apr 94",1203,12,"TJS",232,4,1
"Apr 94",1204,42,"TJS",232,4,1
"Apr 94",1205,60,"TJS",232,4,1
"Apr 94",1206,45,"TJS",232,4,1
"Apr 94",1207,19,"TJS",232,4,1
"Apr 94",1292,20,"TJS",222,4,1
"Apr 94",1293,26,"TJS",222,4,1
"Apr 94",1294,42,"TJS",222,4,1
"Apr 94",1295,40,"TJS",222,4,1
"Apr 94",1296,32,"TJS",222,4,1
"Apr 94",1297,12,"TJS",222,4,1
"Apr 94",1298,28,"TJS",222,4,1
"Apr 94",1299,9,"TJS",222,4,1
"Apr 94",1208,55,"TJS",212,4,1
"Apr 94",1209,50,"TJS",212,4,1
"Apr 94",1210,36,"TJS",212,4,1
"Apr 94",1211,52,"TJS",212,4,1
"Apr 94",1212,16,"TJS",212,4,1
"Apr 94",1213,17,"TJS",212,4,1
"Apr 94",1214,65,"TJS",202,3,1
"Apr 94",1215,35,"TJS",202,3,1
"Apr 94",1216,45,"TJS",202,3,1
"Apr 94",1217,26,"TJS",202,3,1
"Apr 94",1300,34,"TJS",202,3,1
"Apr 94",1301,60,"TJS",202,3,1
"Apr 94",1302,28,"TJS",202,3,1
"Apr 94",1303,25,"TJS",193,3,1
"Apr 94",1304,19,"TJS",193,3,1
"Apr 94",1305,8,"TJS",193,3,1
"Apr 94",1306,42,"TJS",193,3,1
"Apr 94",1307,45,"TJS",193,3,1
"Apr 94",1308,55,"TJS",193,3,1
"Apr 94",1309,38,"TJS",193,3,1
"Apr 95",1218,72,"TJS",19,0,1
"Apr 95",1219,89,"TJS",19,0,1
"Apr 95",1220,16,"TJS",19,0,1
"Apr 95",1221,95,"TJS",19,0,1
"Apr 95",1222,63,"TJS",19,0,1
"Apr 95",1223,70,"TJS",19,0,1
"Apr 95",1224,11,"TJS",19,0,1
"Apr 95",1225,32,"TJS",19,0,1
"Apr 95",1310,86,"TJS",19,0,1
"Apr 95",1226,75,"TJS",30,0,1
"Apr 95",1227,105,"TJS",30,0,1
"Apr 95",1228,95,"TJS",30,0,1
"Apr 95",1229,46,"TJS",30,0,1
"Apr 95",1230,51,"TJS",30,0,1
"Apr 95",1231,95,"TJS",30,0,1
"Apr 95",1232,87,"TJS",30,0,1
"Apr 95",1311,94,"TJS",44,1,1
"Apr 95",1312,86,"TJS",44,1,1
"Apr 95",1313,73,"TJS",44,1,1
"Apr 95",1314,27,"TJS",44,1,1
"Apr 95",1315,110,"TJS",44,1,1
"Apr 95",1316,64,"TJS",44,1,1
"Apr 95",1317,97,"TJS",44,1,1
"Apr 95",1318,56,"TJS",44,1,1
"Apr 95",1233,26,"TJS",55,1,1
"Apr 95",1234,48,"TJS",55,1,1
"Apr 95",1235,29,"TJS",55,1,1
"Apr 95",1319,95,"TJS",55,1,1
"Apr 95",1320,39,"TJS",55,1,1
"Apr 95",1321,75,"TJS",55,1,1
"Apr 95",1322,38,"TJS",55,1,1
"Apr 95",1323,110,"TJS",55,1,1
"Apr 95",1236,92,"TJS",64,1,1
"Apr 95",1237,95,"TJS",64,1,1
"Apr 95",1238,24,"TJS",64,1,1
"Apr 95",1239,56,"TJS",64,1,1
"Apr 95",1240,105,"TJS",64,1,1
"Apr 95",1241,96,"TJS",64,1,1
"Apr 95",1242,46,"TJS",64,1,1
"Apr 95",1324,84,"TJS",77,1,1
"Apr 95",1325,65,"TJS",77,1,1
"Apr 95",1326,74,"TJS",77,1,1
"Apr 95",1327,39,"TJS",77,1,1
"Apr 95",1328,22,"TJS",77,1,1
"Apr 95",1329,16,"TJS",77,1,1
"Apr 95",1330,21,"TJS",77,1,1
"Apr 95",1331,78,"TJS",77,1,1
"Apr 95",1332,86,"TJS",77,1,1
"Apr 95",1333,56,"TJS",77,1,1
"Apr 95",1334,18,"TJS",77,1,1
"Apr 95",1335,26,"TJS",77,1,1
"Apr 95",1243,19,"TJS",89,1,1
"Apr 95",1244,27,"TJS",89,1,1
"Apr 95",1245,41,"TJS",89,1,1
"Apr 95",1246,48,"TJS",89,1,1
"Apr 95",1247,96,"TJS",89,1,1
"Apr 95",1248,87,"TJS",89,1,1
"Apr 95",1249,52,"TJS",89,1,1
"Apr 95",1250,17,"TJS",89,1,1
"Apr 95",1336,82,"TJS",89,1,1
"Apr 95",1337,11,"TJS",89,1,1
"Apr 95",1251,24,"TJS",101,2,1
"Apr 95",1252,58,"TJS",101,2,1
"Apr 95",1253,48,"TJS",101,2,1
"Apr 95",1254,65,"TJS",101,2,1
"Apr 95",1255,19,"TJS",101,2,1
"Apr 95",1338,48,"TJS",101,2,1
"Apr 95",1339,27,"TJS",101,2,1
"Apr 95",1340,32,"TJS",101,2,1
"Apr 95",1341,67,"TJS",101,2,1
"Apr 95",1342,88,"TJS",101,2,1
"Apr 95",1343,89,"TJS",112,2,1
"Apr 95",1344,46,"TJS",112,2,1
"Apr 95",1345,75,"TJS",112,2,1
"Apr 95",1346,39,"TJS",112,2,1
"Apr 95",1347,68,"TJS",112,2,1
"Apr 95",1348,74,"TJS",112,2,1
"Apr 95",1256,16,"TJS",123,2,1
"Apr 95",1257,22,"TJS",123,2,1
"Apr 95",1258,69,"TJS",123,2,1
"Apr 95",1259,29,"TJS",123,2,1
"Apr 95",1260,28,"TJS",123,2,1
"Apr 95",1261,32,"TJS",123,2,1
"Apr 95",1262,39,"TJS",123,2,1
"Apr 95",1263,46,"TJS",123,2,1
"Apr 95",1264,78,"TJS",123,2,1
"Apr 95",1349,32,"TJS",134,2,1
"Apr 95",1350,48,"TJS",134,2,1
"Apr 95",1351,70,"TJS",134,2,1
"Apr 95",1352,21,"TJS",134,2,1
"Apr 95",1353,56,"TJS",134,2,1
"Apr 95",1354,54,"TJS",134,2,1
"Apr 95",1355,69,"TJS",134,2,1
"Apr 95",1265,39,"TJS",145,2,1
"Apr 95",1356,36,"TJS",145,2,1
"Apr 95",1357,29,"TJS",145,2,1
"Apr 95",1358,49,"TJS",145,2,1
"Apr 95",1359,16,"TJS",145,2,1
"Apr 95",1360,60,"TJS",145,2,1
"Apr 95",1361,48,"TJS",145,2,1
"Apr 95",1266,39,"TJS",292,5,1
"Apr 95",1267,52,"TJS",292,5,1
"Apr 95",1268,69,"TJS",292,5,1
"Apr 95",1269,48,"TJS",292,5,1
"Apr 95",1270,90,"TJS",292,5,1
"Apr 95",1271,52,"TJS",292,5,1
"Apr 95",1272,6,"TJS",292,5,1
"Apr 95",1273,19,"TJS",292,5,1
"Apr 95",1274,62,"TJS",292,5,1
"Apr 95",1275,73,"TJS",292,5,1
"Apr 95",1276,19,"TJS",282,5,1
"Apr 95",1362,64,"TJS",282,5,1
"Apr 95",1363,21,"TJS",282,5,1
"Apr 95",1364,31,"TJS",282,5,1
"Apr 95",1365,68,"TJS",282,5,1
"Apr 95",1366,85,"TJS",282,5,1
"Apr 95",1367,27,"TJS",282,5,1
"Apr 95",1368,76,"TJS",282,5,1
"Apr 95",1369,95,"TJS",269,4,1
"Apr 95",1370,21,"TJS",269,4,1
"Apr 95",1371,48,"TJS",269,4,1
"Apr 95",1372,52,"TJS",269,4,1
"Apr 95",1373,65,"TJS",269,4,1
"Apr 95",1374,19,"TJS",269,4,1
"Apr 95",1375,41,"TJS",269,4,1
"Apr 95",1376,39,"TJS",269,4,1
"Apr 95",1377,23,"TJS",269,4,1
"Apr 95",1277,85,"TJS",254,4,1
"Apr 95",1278,48,"TJS",254,4,1
"Apr 95",1279,51,"TJS",254,4,1
"Apr 95",1280,100,"TJS",254,4,1
"Apr 95",1281,26,"TJS",254,4,1
"Apr 95",1282,64,"TJS",254,4,1
"Apr 95",1283,21,"TJS",242,4,1
"Apr 95",1284,35,"TJS",242,4,1
"Apr 95",1285,75,"TJS",242,4,1
"Apr 95",1286,41,"TJS",242,4,1
"Apr 95",1287,61,"TJS",242,4,1
"Apr 95",1288,65,"TJS",242,4,1
"Apr 95",1289,81,"TJS",242,4,1
"Apr 95",1290,52,"TJS",242,4,1
"Apr 95",1291,32,"TJS",242,4,1
"Apr 95",1378,2,"TJS",242,4,1
"Apr 95",1379,46,"TJS",231,4,1
"Apr 95",1380,52,"TJS",231,4,1
"Apr 95",1381,12,"TJS",231,4,1
"Apr 95",1382,29,"TJS",231,4,1
"Apr 95",1383,32,"TJS",231,4,1
"Apr 95",1384,17,"TJS",231,4,1
"Apr 95",1385,59,"TJS",231,4,1
"Apr 95",1386,75,"TJS",231,4,1
"Apr 95",1387,9,"TJS",215,4,1
"Apr 95",1388,42,"TJS",215,4,1
"Apr 95",1389,38,"TJS",215,4,1
"Apr 95",1390,65,"TJS",215,4,1
"Apr 95",1391,21,"TJS",215,4,1
"Apr 95",1392,18,"TJS",215,4,1
"Apr 95",1435,42,"TJS",203,3,1
"Apr 95",1436,17,"TJS",203,3,1
"Apr 95",1437,8,"TJS",203,3,1
"Apr 95",1438,14,"TJS",203,3,1
"Apr 95",1439,56,"TJS",203,3,1
"Apr 95",1440,17,"TJS",203,3,1
"Apr 95",1441,65,"TJS",203,3,1
"Apr 95",1442,90,"TJS",203,3,1
"Apr 95",1443,75,"TJS",203,3,1
"Apr 95",1444,48,"TJS",203,3,1
"Apr 95",1445,72,"TJS",203,3,1
"Apr 95",1446,29,"TJS",203,3,1
"Apr 95",1447,21,"TJS",203,3,1
"Apr 95",1393,19,"TJS",191,3,1
"Apr 95",1394,16,"TJS",191,3,1
"Apr 95",1395,23,"TJS",191,3,1
"Apr 95",1396,36,"TJS",191,3,1
"Apr 95",1397,11,"TJS",191,3,1
"Apr 95",1398,17,"TJS",191,3,1
"Apr 95",1399,29,"TJS",191,3,1
"Apr 95",1400,65,"TJS",191,3,1
"Apr 95",1401,49,"TJS",191,3,1
"Apr 95",1402,72,"TJS",191,3,1
"Apr 95",1403,56,"TJS",191,3,1
"Apr 95",1404,41,"TJS",191,3,1
"Apr 95",1448,65,"TJS",179,3,1
"Apr 95",1449,23,"TJS",179,3,1
"Apr 95",1450,19,"TJS",179,3,1
"Apr 95",1451,33,"TJS",179,3,1
"Apr 95",1452,22,"TJS",179,3,1
"Apr 95",1453,39,"TJS",179,3,1
"Apr 95",1454,68,"TJS",179,3,1
"Apr 95",1405,42,"TJS",167,3,1
"Apr 95",1406,68,"TJS",167,3,1
"Apr 95",1407,51,"TJS",167,3,1
"Apr 95",1408,71,"TJS",167,3,1
"Apr 95",1409,37,"TJS",167,3,1
"Apr 95",1410,42,"TJS",167,3,1
"Apr 95",1411,78,"TJS",157,3,1
"Apr 95",1412,52,"TJS",157,3,1
"Apr 95",1413,56,"TJS",157,3,1
"Apr 95",1414,60,"TJS",157,3,1
"Apr 95",1455,75,"TJS",157,3,1
"Apr 95",1456,84,"TJS",157,3,1
"Apr 95",1457,17,"TJS",157,3,1
"Apr 95",1458,25,"SGF",207,3,1
"Apr 95",1459,42,"SGF",207,3,1
"Apr 95",1460,74,"SGF",207,3,1
"Apr 95",1461,45,"SGF",198,3,1
"Apr 95",1462,55,"SGF",198,3,1
"Apr 95",1463,110,"SGF",198,3,1
"Apr 95",1464,17,"SGF",198,3,1
"Apr 95",1415,90,"SGF",181,3,1
"Apr 95",1416,7,"SGF",181,3,1
"Apr 95",1417,39,"SGF",167,3,1
"Apr 95",1418,18,"SGF",155,3,1
"Apr 95",1419,61,"SGF",155,3,1
"Apr 95",1420,14,"SGF",155,3,1
"Apr 95",1421,10,"SGF",155,3,1
"Apr 95",1465,86,"SGF",142,2,1
"Apr 95",1466,48,"SGF",142,2,1
"Apr 95",1467,90,"SGF",142,2,1
"Apr 95",1468,34,"SGF",142,2,1
"Apr 95",1469,32,"SGF",131,2,1
"Apr 95",1470,44,"SGF",131,2,1
"Apr 95",1471,21,"SGF",131,2,1
"Apr 95",1472,70,"SGF",131,2,1
"Apr 95",1473,11,"SGF",121,2,1
"Apr 95",1474,62,"SGF",121,2,1
"Apr 95",1475,71,"SGF",121,2,1
"Apr 95",1476,9,"SGF",121,2,1
"Apr 95",1477,33,"SGF",121,2,1
"Apr 95",1422,36,"SGF",111,2,1
"Apr 95",1423,16,"SGF",111,2,1
"Apr 95",1424,12,"SGF",111,2,1
"Apr 95",1425,39,"SGF",111,2,1
"Apr 95",1426,86,"SGF",99,2,1
"Apr 95",1427,38,"SGF",15,0,1
"Apr 95",1428,70,"SGF",15,0,1
"Apr 95",1478,52,"SGF",25,0,1
"Apr 95",1479,80,"SGF",25,0,1
"Apr 95",1480,75,"SGF",25,0,1
"Apr 95",1481,120,"SGF",25,0,1
"Apr 95",1482,75,"SGF",36,1,1
"Apr 95",1483,39,"SGF",36,1,1
"Apr 95",1484,26,"SGF",36,1,1
"Apr 95",1485,12,"SGF",48,1,1
"Apr 95",1429,55,"SGF",61,1,1
"Apr 95",1430,68,"SGF",61,1,1
"Apr 95",1431,82,"SGF",61,1,1
"Apr 95",1432,110,"SGF",61,1,1
"Apr 95",1433,88,"SGF",74,1,1
"Apr 95",1434,38,"SGF",74,1,1
